grain,level,horizon_days,quantile,feature,importance
Bing Ads,platform,30,0.1,spend,0.0
Bing Ads,platform,30,0.1,spend_lag_1,0.0
Bing Ads,platform,30,0.1,spend_lag_7,0.0
Bing Ads,platform,30,0.1,spend_lag_14,0.0
Bing Ads,platform,30,0.1,spend_rolling_mean_7d,0.0
Bing Ads,platform,30,0.1,spend_rolling_mean_14d,0.0
Bing Ads,platform,30,0.1,spend_rolling_mean_30d,0.0
Bing Ads,platform,30,0.1,revenue_rolling_mean_7d,0.0
Bing Ads,platform,30,0.1,revenue_rolling_mean_14d,0.0
Bing Ads,platform,30,0.1,revenue_rolling_mean_30d,0.0
Bing Ads,platform,30,0.1,spend_share_of_total,0.0
Bing Ads,platform,30,0.1,days_since_start,0.0
Bing Ads,platform,30,0.1,month_sin,0.0
Bing Ads,platform,30,0.1,month_cos,0.0
Bing Ads,platform,30,0.1,dayofmonth_sin,0.0
Bing Ads,platform,30,0.1,dayofmonth_cos,0.0
Bing Ads,platform,30,0.1,is_weekend,0.0
Bing Ads,platform,30,0.1,regime_shift,0.0
Bing Ads,platform,30,0.1,target_spend_30d,0.0
Bing Ads,platform,30,0.1,dow_Monday,0.0
Bing Ads,platform,30,0.1,dow_Saturday,0.0
Bing Ads,platform,30,0.1,dow_Sunday,0.0
Bing Ads,platform,30,0.1,dow_Thursday,0.0
Bing Ads,platform,30,0.1,dow_Tuesday,0.0
Bing Ads,platform,30,0.1,dow_Wednesday,0.0
Bing Ads,platform,30,0.5,spend,2.7694
Bing Ads,platform,30,0.5,spend_lag_1,3.1467
Bing Ads,platform,30,0.5,spend_lag_7,12.3975
Bing Ads,platform,30,0.5,spend_lag_14,0.0242
Bing Ads,platform,30,0.5,spend_rolling_mean_7d,1.9971
Bing Ads,platform,30,0.5,spend_rolling_mean_14d,-2.4621
Bing Ads,platform,30,0.5,spend_rolling_mean_30d,2.0273
Bing Ads,platform,30,0.5,revenue_rolling_mean_7d,0.9258
Bing Ads,platform,30,0.5,revenue_rolling_mean_14d,0.6483
Bing Ads,platform,30,0.5,revenue_rolling_mean_30d,-1.2018
Bing Ads,platform,30,0.5,spend_share_of_total,1.4665
Bing Ads,platform,30,0.5,days_since_start,0.0
Bing Ads,platform,30,0.5,month_sin,0.0
Bing Ads,platform,30,0.5,month_cos,0.0
Bing Ads,platform,30,0.5,dayofmonth_sin,-0.4202
Bing Ads,platform,30,0.5,dayofmonth_cos,18.2435
Bing Ads,platform,30,0.5,is_weekend,0.07
Bing Ads,platform,30,0.5,regime_shift,0.0
Bing Ads,platform,30,0.5,target_spend_30d,-10.9794
Bing Ads,platform,30,0.5,dow_Monday,-0.0063
Bing Ads,platform,30,0.5,dow_Saturday,0.0543
Bing Ads,platform,30,0.5,dow_Sunday,0.0134
Bing Ads,platform,30,0.5,dow_Thursday,0.209
Bing Ads,platform,30,0.5,dow_Tuesday,-0.3862
Bing Ads,platform,30,0.5,dow_Wednesday,0.0669
Bing Ads,platform,30,0.9,spend,-32.5955
Bing Ads,platform,30,0.9,spend_lag_1,-38.5364
Bing Ads,platform,30,0.9,spend_lag_7,-7.2141
Bing Ads,platform,30,0.9,spend_lag_14,-10.2555
Bing Ads,platform,30,0.9,spend_rolling_mean_7d,-2.2139
Bing Ads,platform,30,0.9,spend_rolling_mean_14d,-10.345
Bing Ads,platform,30,0.9,spend_rolling_mean_30d,1.1549
Bing Ads,platform,30,0.9,revenue_rolling_mean_7d,-6.9908
Bing Ads,platform,30,0.9,revenue_rolling_mean_14d,-0.9853
Bing Ads,platform,30,0.9,revenue_rolling_mean_30d,-0.2908
Bing Ads,platform,30,0.9,spend_share_of_total,-7.1308
Bing Ads,platform,30,0.9,days_since_start,0.0
Bing Ads,platform,30,0.9,month_sin,0.0
Bing Ads,platform,30,0.9,month_cos,0.0
Bing Ads,platform,30,0.9,dayofmonth_sin,-3.0897
Bing Ads,platform,30,0.9,dayofmonth_cos,-4.3863
Bing Ads,platform,30,0.9,is_weekend,-0.2622
Bing Ads,platform,30,0.9,regime_shift,0.0
Bing Ads,platform,30,0.9,target_spend_30d,-5.663
Bing Ads,platform,30,0.9,dow_Monday,-0.1489
Bing Ads,platform,30,0.9,dow_Saturday,0.4716
Bing Ads,platform,30,0.9,dow_Sunday,0.1645
Bing Ads,platform,30,0.9,dow_Thursday,1.207
Bing Ads,platform,30,0.9,dow_Tuesday,0.9893
Bing Ads,platform,30,0.9,dow_Wednesday,0.0
Bing Ads,platform,60,0.1,spend,28.9014
Bing Ads,platform,60,0.1,spend_lag_1,2.1444
Bing Ads,platform,60,0.1,spend_lag_7,-0.1461
Bing Ads,platform,60,0.1,spend_lag_14,-3.3376
Bing Ads,platform,60,0.1,spend_rolling_mean_7d,13.0538
Bing Ads,platform,60,0.1,spend_rolling_mean_14d,8.9199
Bing Ads,platform,60,0.1,spend_rolling_mean_30d,0.3922
Bing Ads,platform,60,0.1,revenue_rolling_mean_7d,0.7637
Bing Ads,platform,60,0.1,revenue_rolling_mean_14d,0.8944
Bing Ads,platform,60,0.1,revenue_rolling_mean_30d,0.1998
Bing Ads,platform,60,0.1,spend_share_of_total,-1.6915
Bing Ads,platform,60,0.1,days_since_start,0.0
Bing Ads,platform,60,0.1,month_sin,0.0
Bing Ads,platform,60,0.1,month_cos,0.0
Bing Ads,platform,60,0.1,dayofmonth_sin,1.9867
Bing Ads,platform,60,0.1,dayofmonth_cos,0.0698
Bing Ads,platform,60,0.1,is_weekend,0.7237
Bing Ads,platform,60,0.1,regime_shift,0.0
Bing Ads,platform,60,0.1,target_spend_60d,1.608
Bing Ads,platform,60,0.1,dow_Monday,0.2226
Bing Ads,platform,60,0.1,dow_Saturday,-0.1
Bing Ads,platform,60,0.1,dow_Sunday,0.1339
Bing Ads,platform,60,0.1,dow_Thursday,0.0072
Bing Ads,platform,60,0.1,dow_Tuesday,-0.6249
Bing Ads,platform,60,0.1,dow_Wednesday,-0.0075
Bing Ads,platform,60,0.5,spend,-10.4446
Bing Ads,platform,60,0.5,spend_lag_1,-0.6694
Bing Ads,platform,60,0.5,spend_lag_7,9.4521
Bing Ads,platform,60,0.5,spend_lag_14,-2.5408
Bing Ads,platform,60,0.5,spend_rolling_mean_7d,10.6939
Bing Ads,platform,60,0.5,spend_rolling_mean_14d,11.9575
Bing Ads,platform,60,0.5,spend_rolling_mean_30d,-5.3992
Bing Ads,platform,60,0.5,revenue_rolling_mean_7d,-0.1178
Bing Ads,platform,60,0.5,revenue_rolling_mean_14d,1.2944
Bing Ads,platform,60,0.5,revenue_rolling_mean_30d,1.7418
Bing Ads,platform,60,0.5,spend_share_of_total,2.2492
Bing Ads,platform,60,0.5,days_since_start,0.0
Bing Ads,platform,60,0.5,month_sin,0.0
Bing Ads,platform,60,0.5,month_cos,0.0
Bing Ads,platform,60,0.5,dayofmonth_sin,1.4588
Bing Ads,platform,60,0.5,dayofmonth_cos,-1.3659
Bing Ads,platform,60,0.5,is_weekend,0.0185
Bing Ads,platform,60,0.5,regime_shift,0.0
Bing Ads,platform,60,0.5,target_spend_60d,0.0
Bing Ads,platform,60,0.5,dow_Monday,0.8783
Bing Ads,platform,60,0.5,dow_Saturday,-0.1564
Bing Ads,platform,60,0.5,dow_Sunday,0.0
Bing Ads,platform,60,0.5,dow_Thursday,0.0013
Bing Ads,platform,60,0.5,dow_Tuesday,-0.0927
Bing Ads,platform,60,0.5,dow_Wednesday,0.0502
Bing Ads,platform,60,0.9,spend,-79.1747
Bing Ads,platform,60,0.9,spend_lag_1,-5.9273
Bing Ads,platform,60,0.9,spend_lag_7,-3.4702
Bing Ads,platform,60,0.9,spend_lag_14,-36.5967
Bing Ads,platform,60,0.9,spend_rolling_mean_7d,9.3414
Bing Ads,platform,60,0.9,spend_rolling_mean_14d,-1.221
Bing Ads,platform,60,0.9,spend_rolling_mean_30d,1.2009
Bing Ads,platform,60,0.9,revenue_rolling_mean_7d,-0.6856
Bing Ads,platform,60,0.9,revenue_rolling_mean_14d,-0.7684
Bing Ads,platform,60,0.9,revenue_rolling_mean_30d,1.7143
Bing Ads,platform,60,0.9,spend_share_of_total,-27.1498
Bing Ads,platform,60,0.9,days_since_start,0.0
Bing Ads,platform,60,0.9,month_sin,0.0
Bing Ads,platform,60,0.9,month_cos,0.0
Bing Ads,platform,60,0.9,dayofmonth_sin,0.2363
Bing Ads,platform,60,0.9,dayofmonth_cos,-1.4114
Bing Ads,platform,60,0.9,is_weekend,0.2075
Bing Ads,platform,60,0.9,regime_shift,0.0
Bing Ads,platform,60,0.9,target_spend_60d,0.0
Bing Ads,platform,60,0.9,dow_Monday,0.6826
Bing Ads,platform,60,0.9,dow_Saturday,0.0036
Bing Ads,platform,60,0.9,dow_Sunday,-0.3049
Bing Ads,platform,60,0.9,dow_Thursday,0.5361
Bing Ads,platform,60,0.9,dow_Tuesday,0.0
Bing Ads,platform,60,0.9,dow_Wednesday,-0.5668
Bing Ads,platform,90,0.1,spend,9.1047
Bing Ads,platform,90,0.1,spend_lag_1,3.1489
Bing Ads,platform,90,0.1,spend_lag_7,41.0853
Bing Ads,platform,90,0.1,spend_lag_14,-2.3012
Bing Ads,platform,90,0.1,spend_rolling_mean_7d,6.0474
Bing Ads,platform,90,0.1,spend_rolling_mean_14d,6.8062
Bing Ads,platform,90,0.1,spend_rolling_mean_30d,-10.4636
Bing Ads,platform,90,0.1,revenue_rolling_mean_7d,-7.5176
Bing Ads,platform,90,0.1,revenue_rolling_mean_14d,-0.4066
Bing Ads,platform,90,0.1,revenue_rolling_mean_30d,-0.1827
Bing Ads,platform,90,0.1,spend_share_of_total,-0.1805
Bing Ads,platform,90,0.1,days_since_start,0.0
Bing Ads,platform,90,0.1,month_sin,0.0
Bing Ads,platform,90,0.1,month_cos,0.0
Bing Ads,platform,90,0.1,dayofmonth_sin,-0.7544
Bing Ads,platform,90,0.1,dayofmonth_cos,-1.3553
Bing Ads,platform,90,0.1,is_weekend,0.2066
Bing Ads,platform,90,0.1,regime_shift,0.0
Bing Ads,platform,90,0.1,target_spend_90d,20.7873
Bing Ads,platform,90,0.1,dow_Monday,0.1904
Bing Ads,platform,90,0.1,dow_Saturday,0.0021
Bing Ads,platform,90,0.1,dow_Sunday,-0.7622
Bing Ads,platform,90,0.1,dow_Thursday,-0.0934
Bing Ads,platform,90,0.1,dow_Tuesday,0.1738
Bing Ads,platform,90,0.1,dow_Wednesday,0.0804
Bing Ads,platform,90,0.5,spend,-11.0575
Bing Ads,platform,90,0.5,spend_lag_1,-1.0331
Bing Ads,platform,90,0.5,spend_lag_7,12.9925
Bing Ads,platform,90,0.5,spend_lag_14,0.1452
Bing Ads,platform,90,0.5,spend_rolling_mean_7d,-2.9409
Bing Ads,platform,90,0.5,spend_rolling_mean_14d,-2.3823
Bing Ads,platform,90,0.5,spend_rolling_mean_30d,-0.0148
Bing Ads,platform,90,0.5,revenue_rolling_mean_7d,0.2524
Bing Ads,platform,90,0.5,revenue_rolling_mean_14d,1.8331
Bing Ads,platform,90,0.5,revenue_rolling_mean_30d,-0.9056
Bing Ads,platform,90,0.5,spend_share_of_total,3.2738
Bing Ads,platform,90,0.5,days_since_start,0.0
Bing Ads,platform,90,0.5,month_sin,0.0
Bing Ads,platform,90,0.5,month_cos,0.0
Bing Ads,platform,90,0.5,dayofmonth_sin,2.3091
Bing Ads,platform,90,0.5,dayofmonth_cos,-7.0788
Bing Ads,platform,90,0.5,is_weekend,-0.4163
Bing Ads,platform,90,0.5,regime_shift,0.0
Bing Ads,platform,90,0.5,target_spend_90d,1.5829
Bing Ads,platform,90,0.5,dow_Monday,-0.0317
Bing Ads,platform,90,0.5,dow_Saturday,-0.0977
Bing Ads,platform,90,0.5,dow_Sunday,0.0
Bing Ads,platform,90,0.5,dow_Thursday,-0.0142
Bing Ads,platform,90,0.5,dow_Tuesday,-0.0388
Bing Ads,platform,90,0.5,dow_Wednesday,-0.0148
Bing Ads,platform,90,0.9,spend,105.6782
Bing Ads,platform,90,0.9,spend_lag_1,37.7279
Bing Ads,platform,90,0.9,spend_lag_7,-15.8177
Bing Ads,platform,90,0.9,spend_lag_14,9.6757
Bing Ads,platform,90,0.9,spend_rolling_mean_7d,-0.5936
Bing Ads,platform,90,0.9,spend_rolling_mean_14d,-46.591
Bing Ads,platform,90,0.9,spend_rolling_mean_30d,-35.1275
Bing Ads,platform,90,0.9,revenue_rolling_mean_7d,-1.841
Bing Ads,platform,90,0.9,revenue_rolling_mean_14d,-0.3301
Bing Ads,platform,90,0.9,revenue_rolling_mean_30d,1.5714
Bing Ads,platform,90,0.9,spend_share_of_total,-4.5765
Bing Ads,platform,90,0.9,days_since_start,0.0
Bing Ads,platform,90,0.9,month_sin,0.0
Bing Ads,platform,90,0.9,month_cos,0.0
Bing Ads,platform,90,0.9,dayofmonth_sin,117.7969
Bing Ads,platform,90,0.9,dayofmonth_cos,39.0028
Bing Ads,platform,90,0.9,is_weekend,0.9175
Bing Ads,platform,90,0.9,regime_shift,0.0
Bing Ads,platform,90,0.9,target_spend_90d,1.0824
Bing Ads,platform,90,0.9,dow_Monday,0.8013
Bing Ads,platform,90,0.9,dow_Saturday,0.1601
Bing Ads,platform,90,0.9,dow_Sunday,-0.7807
Bing Ads,platform,90,0.9,dow_Thursday,-0.1239
Bing Ads,platform,90,0.9,dow_Tuesday,0.6871
Bing Ads,platform,90,0.9,dow_Wednesday,0.0008
Google Ads,platform,30,0.1,spend,31620.3804
Google Ads,platform,30,0.1,spend_lag_1,75.9445
Google Ads,platform,30,0.1,spend_lag_7,3036.2598
Google Ads,platform,30,0.1,spend_lag_14,73.7907
Google Ads,platform,30,0.1,spend_rolling_mean_7d,160.3118
Google Ads,platform,30,0.1,spend_rolling_mean_14d,422.167
Google Ads,platform,30,0.1,spend_rolling_mean_30d,315.9704
Google Ads,platform,30,0.1,revenue_rolling_mean_7d,130.8838
Google Ads,platform,30,0.1,revenue_rolling_mean_14d,1090.1072
Google Ads,platform,30,0.1,revenue_rolling_mean_30d,44.7747
Google Ads,platform,30,0.1,spend_share_of_total,-23.3779
Google Ads,platform,30,0.1,days_since_start,0.0
Google Ads,platform,30,0.1,month_sin,0.0
Google Ads,platform,30,0.1,month_cos,0.0
Google Ads,platform,30,0.1,dayofmonth_sin,178.5349
Google Ads,platform,30,0.1,dayofmonth_cos,191.5453
Google Ads,platform,30,0.1,is_weekend,0.0866
Google Ads,platform,30,0.1,regime_shift,0.0
Google Ads,platform,30,0.1,target_spend_30d,14583.0589
Google Ads,platform,30,0.1,regime_shift_interaction_30d,0.0
Google Ads,platform,30,0.1,dow_Monday,3.9454
Google Ads,platform,30,0.1,dow_Saturday,-0.1302
Google Ads,platform,30,0.1,dow_Sunday,-7.9272
Google Ads,platform,30,0.1,dow_Thursday,-3.5026
Google Ads,platform,30,0.1,dow_Tuesday,4.6883
Google Ads,platform,30,0.1,dow_Wednesday,-10.3791
Google Ads,platform,30,0.5,spend,16.6261
Google Ads,platform,30,0.5,spend_lag_1,-2573.4237
Google Ads,platform,30,0.5,spend_lag_7,-1313.3138
Google Ads,platform,30,0.5,spend_lag_14,148.973
Google Ads,platform,30,0.5,spend_rolling_mean_7d,146.8642
Google Ads,platform,30,0.5,spend_rolling_mean_14d,68.0323
Google Ads,platform,30,0.5,spend_rolling_mean_30d,449.6189
Google Ads,platform,30,0.5,revenue_rolling_mean_7d,-203.7642
Google Ads,platform,30,0.5,revenue_rolling_mean_14d,-1086.8944
Google Ads,platform,30,0.5,revenue_rolling_mean_30d,27.5527
Google Ads,platform,30,0.5,spend_share_of_total,-401.8785
Google Ads,platform,30,0.5,days_since_start,0.0
Google Ads,platform,30,0.5,month_sin,0.0
Google Ads,platform,30,0.5,month_cos,0.0
Google Ads,platform,30,0.5,dayofmonth_sin,-456.3686
Google Ads,platform,30,0.5,dayofmonth_cos,1519.1751
Google Ads,platform,30,0.5,is_weekend,3.8409
Google Ads,platform,30,0.5,regime_shift,0.0
Google Ads,platform,30,0.5,target_spend_30d,35010.3442
Google Ads,platform,30,0.5,regime_shift_interaction_30d,0.0
Google Ads,platform,30,0.5,dow_Monday,-6.3436
Google Ads,platform,30,0.5,dow_Saturday,5.9174
Google Ads,platform,30,0.5,dow_Sunday,20.3606
Google Ads,platform,30,0.5,dow_Thursday,10.5939
Google Ads,platform,30,0.5,dow_Tuesday,-37.654
Google Ads,platform,30,0.5,dow_Wednesday,0.5494
Google Ads,platform,30,0.9,spend,-1137.4909
Google Ads,platform,30,0.9,spend_lag_1,420.523
Google Ads,platform,30,0.9,spend_lag_7,-32.3004
Google Ads,platform,30,0.9,spend_lag_14,-387.5161
Google Ads,platform,30,0.9,spend_rolling_mean_7d,-114.6999
Google Ads,platform,30,0.9,spend_rolling_mean_14d,-1111.6417
Google Ads,platform,30,0.9,spend_rolling_mean_30d,-59.7253
Google Ads,platform,30,0.9,revenue_rolling_mean_7d,-100.0377
Google Ads,platform,30,0.9,revenue_rolling_mean_14d,-71.6809
Google Ads,platform,30,0.9,revenue_rolling_mean_30d,-13.5235
Google Ads,platform,30,0.9,spend_share_of_total,-19.5453
Google Ads,platform,30,0.9,days_since_start,0.0
Google Ads,platform,30,0.9,month_sin,0.0
Google Ads,platform,30,0.9,month_cos,0.0
Google Ads,platform,30,0.9,dayofmonth_sin,148.6389
Google Ads,platform,30,0.9,dayofmonth_cos,-58.3583
Google Ads,platform,30,0.9,is_weekend,17.93
Google Ads,platform,30,0.9,regime_shift,0.0
Google Ads,platform,30,0.9,target_spend_30d,19848.4349
Google Ads,platform,30,0.9,regime_shift_interaction_30d,0.0
Google Ads,platform,30,0.9,dow_Monday,3.4366
Google Ads,platform,30,0.9,dow_Saturday,1.5723
Google Ads,platform,30,0.9,dow_Sunday,-5.3092
Google Ads,platform,30,0.9,dow_Thursday,7.8159
Google Ads,platform,30,0.9,dow_Tuesday,0.0606
Google Ads,platform,30,0.9,dow_Wednesday,-0.1378
Google Ads,platform,60,0.1,spend,690.2052
Google Ads,platform,60,0.1,spend_lag_1,132.735
Google Ads,platform,60,0.1,spend_lag_7,-74.5392
Google Ads,platform,60,0.1,spend_lag_14,72.124
Google Ads,platform,60,0.1,spend_rolling_mean_7d,287.6484
Google Ads,platform,60,0.1,spend_rolling_mean_14d,606.5734
Google Ads,platform,60,0.1,spend_rolling_mean_30d,216.7904
Google Ads,platform,60,0.1,revenue_rolling_mean_7d,10.6053
Google Ads,platform,60,0.1,revenue_rolling_mean_14d,-128.8929
Google Ads,platform,60,0.1,revenue_rolling_mean_30d,2.0959
Google Ads,platform,60,0.1,spend_share_of_total,-848.234
Google Ads,platform,60,0.1,days_since_start,0.0
Google Ads,platform,60,0.1,month_sin,0.0
Google Ads,platform,60,0.1,month_cos,0.0
Google Ads,platform,60,0.1,dayofmonth_sin,9.8591
Google Ads,platform,60,0.1,dayofmonth_cos,217.7866
Google Ads,platform,60,0.1,is_weekend,14.2824
Google Ads,platform,60,0.1,regime_shift,0.0
Google Ads,platform,60,0.1,target_spend_60d,-127.3538
Google Ads,platform,60,0.1,regime_shift_interaction_60d,0.0
Google Ads,platform,60,0.1,dow_Monday,-140.1037
Google Ads,platform,60,0.1,dow_Saturday,0.0084
Google Ads,platform,60,0.1,dow_Sunday,-49.0185
Google Ads,platform,60,0.1,dow_Thursday,-6.2872
Google Ads,platform,60,0.1,dow_Tuesday,-0.0328
Google Ads,platform,60,0.1,dow_Wednesday,0.0328
Google Ads,platform,60,0.5,spend,-44.5665
Google Ads,platform,60,0.5,spend_lag_1,101.9108
Google Ads,platform,60,0.5,spend_lag_7,98.1329
Google Ads,platform,60,0.5,spend_lag_14,-40.1512
Google Ads,platform,60,0.5,spend_rolling_mean_7d,110.7972
Google Ads,platform,60,0.5,spend_rolling_mean_14d,1019.5414
Google Ads,platform,60,0.5,spend_rolling_mean_30d,1458.6533
Google Ads,platform,60,0.5,revenue_rolling_mean_7d,373.1511
Google Ads,platform,60,0.5,revenue_rolling_mean_14d,-410.0317
Google Ads,platform,60,0.5,revenue_rolling_mean_30d,9.2847
Google Ads,platform,60,0.5,spend_share_of_total,-32.688
Google Ads,platform,60,0.5,days_since_start,0.0
Google Ads,platform,60,0.5,month_sin,0.0
Google Ads,platform,60,0.5,month_cos,0.0
Google Ads,platform,60,0.5,dayofmonth_sin,51.0438
Google Ads,platform,60,0.5,dayofmonth_cos,-97.4415
Google Ads,platform,60,0.5,is_weekend,-2.1579
Google Ads,platform,60,0.5,regime_shift,0.0
Google Ads,platform,60,0.5,target_spend_60d,426.1662
Google Ads,platform,60,0.5,regime_shift_interaction_60d,0.0
Google Ads,platform,60,0.5,dow_Monday,-63.7503
Google Ads,platform,60,0.5,dow_Saturday,3.3359
Google Ads,platform,60,0.5,dow_Sunday,-27.4398
Google Ads,platform,60,0.5,dow_Thursday,0.048
Google Ads,platform,60,0.5,dow_Tuesday,2.0368
Google Ads,platform,60,0.5,dow_Wednesday,3.555
Google Ads,platform,60,0.9,spend,-442.7006
Google Ads,platform,60,0.9,spend_lag_1,4.7599
Google Ads,platform,60,0.9,spend_lag_7,-746.6223
Google Ads,platform,60,0.9,spend_lag_14,-40.492
Google Ads,platform,60,0.9,spend_rolling_mean_7d,843.7762
Google Ads,platform,60,0.9,spend_rolling_mean_14d,72.8096
Google Ads,platform,60,0.9,spend_rolling_mean_30d,22.5348
Google Ads,platform,60,0.9,revenue_rolling_mean_7d,-331.4212
Google Ads,platform,60,0.9,revenue_rolling_mean_14d,-1067.517
Google Ads,platform,60,0.9,revenue_rolling_mean_30d,40.184
Google Ads,platform,60,0.9,spend_share_of_total,197.2791
Google Ads,platform,60,0.9,days_since_start,0.0
Google Ads,platform,60,0.9,month_sin,0.0
Google Ads,platform,60,0.9,month_cos,0.0
Google Ads,platform,60,0.9,dayofmonth_sin,10.2022
Google Ads,platform,60,0.9,dayofmonth_cos,-330.9797
Google Ads,platform,60,0.9,is_weekend,-6.3497
Google Ads,platform,60,0.9,regime_shift,0.0
Google Ads,platform,60,0.9,target_spend_60d,2243.3065
Google Ads,platform,60,0.9,regime_shift_interaction_60d,0.0
Google Ads,platform,60,0.9,dow_Monday,-5.3609
Google Ads,platform,60,0.9,dow_Saturday,6.9223
Google Ads,platform,60,0.9,dow_Sunday,0.2884
Google Ads,platform,60,0.9,dow_Thursday,5.33
Google Ads,platform,60,0.9,dow_Tuesday,-24.9655
Google Ads,platform,60,0.9,dow_Wednesday,-9.0104
Google Ads,platform,90,0.1,spend,-829.3764
Google Ads,platform,90,0.1,spend_lag_1,194.1305
Google Ads,platform,90,0.1,spend_lag_7,70.7957
Google Ads,platform,90,0.1,spend_lag_14,15.3902
Google Ads,platform,90,0.1,spend_rolling_mean_7d,289.8359
Google Ads,platform,90,0.1,spend_rolling_mean_14d,481.7415
Google Ads,platform,90,0.1,spend_rolling_mean_30d,-36.9387
Google Ads,platform,90,0.1,revenue_rolling_mean_7d,-150.3154
Google Ads,platform,90,0.1,revenue_rolling_mean_14d,1251.8694
Google Ads,platform,90,0.1,revenue_rolling_mean_30d,-29.0388
Google Ads,platform,90,0.1,spend_share_of_total,-24.857
Google Ads,platform,90,0.1,days_since_start,0.0
Google Ads,platform,90,0.1,month_sin,0.0
Google Ads,platform,90,0.1,month_cos,0.0
Google Ads,platform,90,0.1,dayofmonth_sin,342.2465
Google Ads,platform,90,0.1,dayofmonth_cos,-44.147
Google Ads,platform,90,0.1,is_weekend,7.5916
Google Ads,platform,90,0.1,regime_shift,0.0
Google Ads,platform,90,0.1,target_spend_90d,12983.145
Google Ads,platform,90,0.1,regime_shift_interaction_90d,0.0
Google Ads,platform,90,0.1,dow_Monday,-0.4054
Google Ads,platform,90,0.1,dow_Saturday,-0.2738
Google Ads,platform,90,0.1,dow_Sunday,1.3384
Google Ads,platform,90,0.1,dow_Thursday,0.1022
Google Ads,platform,90,0.1,dow_Tuesday,3.4594
Google Ads,platform,90,0.1,dow_Wednesday,-0.6909
Google Ads,platform,90,0.5,spend,-389.7525
Google Ads,platform,90,0.5,spend_lag_1,224.2276
Google Ads,platform,90,0.5,spend_lag_7,168.5791
Google Ads,platform,90,0.5,spend_lag_14,-21.7955
Google Ads,platform,90,0.5,spend_rolling_mean_7d,-770.4381
Google Ads,platform,90,0.5,spend_rolling_mean_14d,464.1159
Google Ads,platform,90,0.5,spend_rolling_mean_30d,-16.6827
Google Ads,platform,90,0.5,revenue_rolling_mean_7d,97.6501
Google Ads,platform,90,0.5,revenue_rolling_mean_14d,-945.7119
Google Ads,platform,90,0.5,revenue_rolling_mean_30d,-2.4947
Google Ads,platform,90,0.5,spend_share_of_total,-276.1121
Google Ads,platform,90,0.5,days_since_start,0.0
Google Ads,platform,90,0.5,month_sin,0.0
Google Ads,platform,90,0.5,month_cos,0.0
Google Ads,platform,90,0.5,dayofmonth_sin,-15.4827
Google Ads,platform,90,0.5,dayofmonth_cos,441.2301
Google Ads,platform,90,0.5,is_weekend,-14.9241
Google Ads,platform,90,0.5,regime_shift,0.0
Google Ads,platform,90,0.5,target_spend_90d,9067.3293
Google Ads,platform,90,0.5,regime_shift_interaction_90d,0.0
Google Ads,platform,90,0.5,dow_Monday,-2.4562
Google Ads,platform,90,0.5,dow_Saturday,-5.4363
Google Ads,platform,90,0.5,dow_Sunday,7.1591
Google Ads,platform,90,0.5,dow_Thursday,-1.5586
Google Ads,platform,90,0.5,dow_Tuesday,9.2432
Google Ads,platform,90,0.5,dow_Wednesday,0.0942
Google Ads,platform,90,0.9,spend,-121.4904
Google Ads,platform,90,0.9,spend_lag_1,73.1997
Google Ads,platform,90,0.9,spend_lag_7,314.9874
Google Ads,platform,90,0.9,spend_lag_14,-181.2366
Google Ads,platform,90,0.9,spend_rolling_mean_7d,23.7256
Google Ads,platform,90,0.9,spend_rolling_mean_14d,454.8322
Google Ads,platform,90,0.9,spend_rolling_mean_30d,-9.0929
Google Ads,platform,90,0.9,revenue_rolling_mean_7d,34.4499
Google Ads,platform,90,0.9,revenue_rolling_mean_14d,98.1927
Google Ads,platform,90,0.9,revenue_rolling_mean_30d,-0.0083
Google Ads,platform,90,0.9,spend_share_of_total,155.0785
Google Ads,platform,90,0.9,days_since_start,0.0
Google Ads,platform,90,0.9,month_sin,0.0
Google Ads,platform,90,0.9,month_cos,0.0
Google Ads,platform,90,0.9,dayofmonth_sin,100.5797
Google Ads,platform,90,0.9,dayofmonth_cos,-10.2426
Google Ads,platform,90,0.9,is_weekend,-0.5418
Google Ads,platform,90,0.9,regime_shift,0.0
Google Ads,platform,90,0.9,target_spend_90d,26883.4728
Google Ads,platform,90,0.9,regime_shift_interaction_90d,0.0
Google Ads,platform,90,0.9,dow_Monday,0.4201
Google Ads,platform,90,0.9,dow_Saturday,6.1324
Google Ads,platform,90,0.9,dow_Sunday,-0.3133
Google Ads,platform,90,0.9,dow_Thursday,1.0713
Google Ads,platform,90,0.9,dow_Tuesday,0.801
Google Ads,platform,90,0.9,dow_Wednesday,-0.6038
Meta Ads,platform,30,0.1,spend,0.0
Meta Ads,platform,30,0.1,spend_lag_1,0.0
Meta Ads,platform,30,0.1,spend_lag_7,0.0
Meta Ads,platform,30,0.1,spend_lag_14,0.0
Meta Ads,platform,30,0.1,spend_rolling_mean_7d,0.0
Meta Ads,platform,30,0.1,spend_rolling_mean_14d,0.0
Meta Ads,platform,30,0.1,spend_rolling_mean_30d,0.0
Meta Ads,platform,30,0.1,revenue_rolling_mean_7d,0.0
Meta Ads,platform,30,0.1,revenue_rolling_mean_14d,0.0
Meta Ads,platform,30,0.1,revenue_rolling_mean_30d,0.0
Meta Ads,platform,30,0.1,spend_share_of_total,0.0
Meta Ads,platform,30,0.1,days_since_start,0.0
Meta Ads,platform,30,0.1,month_sin,0.0
Meta Ads,platform,30,0.1,month_cos,0.0
Meta Ads,platform,30,0.1,dayofmonth_sin,0.0
Meta Ads,platform,30,0.1,dayofmonth_cos,0.0
Meta Ads,platform,30,0.1,is_weekend,0.0
Meta Ads,platform,30,0.1,regime_shift,0.0
Meta Ads,platform,30,0.1,target_spend_30d,0.0
Meta Ads,platform,30,0.1,regime_shift_interaction_30d,0.0
Meta Ads,platform,30,0.1,dow_Monday,0.0
Meta Ads,platform,30,0.1,dow_Saturday,0.0
Meta Ads,platform,30,0.1,dow_Sunday,0.0
Meta Ads,platform,30,0.1,dow_Thursday,0.0
Meta Ads,platform,30,0.1,dow_Tuesday,0.0
Meta Ads,platform,30,0.1,dow_Wednesday,0.0
Meta Ads,platform,30,0.5,spend,-667.2631
Meta Ads,platform,30,0.5,spend_lag_1,-58.0154
Meta Ads,platform,30,0.5,spend_lag_7,-618.9153
Meta Ads,platform,30,0.5,spend_lag_14,-102.5484
Meta Ads,platform,30,0.5,spend_rolling_mean_7d,-30.6168
Meta Ads,platform,30,0.5,spend_rolling_mean_14d,-103.1067
Meta Ads,platform,30,0.5,spend_rolling_mean_30d,22.0935
Meta Ads,platform,30,0.5,revenue_rolling_mean_7d,-158.9157
Meta Ads,platform,30,0.5,revenue_rolling_mean_14d,5.859
Meta Ads,platform,30,0.5,revenue_rolling_mean_30d,-377.78
Meta Ads,platform,30,0.5,spend_share_of_total,45.1024
Meta Ads,platform,30,0.5,days_since_start,0.0
Meta Ads,platform,30,0.5,month_sin,0.0
Meta Ads,platform,30,0.5,month_cos,0.0
Meta Ads,platform,30,0.5,dayofmonth_sin,37.828
Meta Ads,platform,30,0.5,dayofmonth_cos,-6.5894
Meta Ads,platform,30,0.5,is_weekend,0.1064
Meta Ads,platform,30,0.5,regime_shift,0.0
Meta Ads,platform,30,0.5,target_spend_30d,6040.6376
Meta Ads,platform,30,0.5,regime_shift_interaction_30d,0.0
Meta Ads,platform,30,0.5,dow_Monday,0.0766
Meta Ads,platform,30,0.5,dow_Saturday,-0.1884
Meta Ads,platform,30,0.5,dow_Sunday,0.2428
Meta Ads,platform,30,0.5,dow_Thursday,-0.2204
Meta Ads,platform,30,0.5,dow_Tuesday,-0.1016
Meta Ads,platform,30,0.5,dow_Wednesday,0.9108
Meta Ads,platform,30,0.9,spend,30.1523
Meta Ads,platform,30,0.9,spend_lag_1,63.3489
Meta Ads,platform,30,0.9,spend_lag_7,138.071
Meta Ads,platform,30,0.9,spend_lag_14,-25.7727
Meta Ads,platform,30,0.9,spend_rolling_mean_7d,52.3478
Meta Ads,platform,30,0.9,spend_rolling_mean_14d,-4.1965
Meta Ads,platform,30,0.9,spend_rolling_mean_30d,16.3458
Meta Ads,platform,30,0.9,revenue_rolling_mean_7d,67.2771
Meta Ads,platform,30,0.9,revenue_rolling_mean_14d,-8.5012
Meta Ads,platform,30,0.9,revenue_rolling_mean_30d,-7.1689
Meta Ads,platform,30,0.9,spend_share_of_total,9.0849
Meta Ads,platform,30,0.9,days_since_start,0.0
Meta Ads,platform,30,0.9,month_sin,0.0
Meta Ads,platform,30,0.9,month_cos,0.0
Meta Ads,platform,30,0.9,dayofmonth_sin,65.6367
Meta Ads,platform,30,0.9,dayofmonth_cos,22.0801
Meta Ads,platform,30,0.9,is_weekend,0.4312
Meta Ads,platform,30,0.9,regime_shift,0.0
Meta Ads,platform,30,0.9,target_spend_30d,1048.292
Meta Ads,platform,30,0.9,regime_shift_interaction_30d,0.0
Meta Ads,platform,30,0.9,dow_Monday,0.1333
Meta Ads,platform,30,0.9,dow_Saturday,1.371
Meta Ads,platform,30,0.9,dow_Sunday,0.015
Meta Ads,platform,30,0.9,dow_Thursday,-2.0045
Meta Ads,platform,30,0.9,dow_Tuesday,0.6033
Meta Ads,platform,30,0.9,dow_Wednesday,-0.9724
Meta Ads,platform,60,0.1,spend,-0.0
Meta Ads,platform,60,0.1,spend_lag_1,0.0
Meta Ads,platform,60,0.1,spend_lag_7,0.0
Meta Ads,platform,60,0.1,spend_lag_14,0.0
Meta Ads,platform,60,0.1,spend_rolling_mean_7d,0.0
Meta Ads,platform,60,0.1,spend_rolling_mean_14d,0.0
Meta Ads,platform,60,0.1,spend_rolling_mean_30d,0.0
Meta Ads,platform,60,0.1,revenue_rolling_mean_7d,0.0
Meta Ads,platform,60,0.1,revenue_rolling_mean_14d,0.0
Meta Ads,platform,60,0.1,revenue_rolling_mean_30d,0.0
Meta Ads,platform,60,0.1,spend_share_of_total,0.0
Meta Ads,platform,60,0.1,days_since_start,0.0
Meta Ads,platform,60,0.1,month_sin,0.0
Meta Ads,platform,60,0.1,month_cos,0.0
Meta Ads,platform,60,0.1,dayofmonth_sin,0.0
Meta Ads,platform,60,0.1,dayofmonth_cos,0.0
Meta Ads,platform,60,0.1,is_weekend,0.0
Meta Ads,platform,60,0.1,regime_shift,0.0
Meta Ads,platform,60,0.1,target_spend_60d,0.0
Meta Ads,platform,60,0.1,regime_shift_interaction_60d,0.0
Meta Ads,platform,60,0.1,dow_Monday,0.0
Meta Ads,platform,60,0.1,dow_Saturday,0.0
Meta Ads,platform,60,0.1,dow_Sunday,0.0
Meta Ads,platform,60,0.1,dow_Thursday,0.0
Meta Ads,platform,60,0.1,dow_Tuesday,0.0
Meta Ads,platform,60,0.1,dow_Wednesday,0.0
Meta Ads,platform,60,0.5,spend,174.3226
Meta Ads,platform,60,0.5,spend_lag_1,34.0741
Meta Ads,platform,60,0.5,spend_lag_7,304.039
Meta Ads,platform,60,0.5,spend_lag_14,-5.2998
Meta Ads,platform,60,0.5,spend_rolling_mean_7d,15.0419
Meta Ads,platform,60,0.5,spend_rolling_mean_14d,-59.6291
Meta Ads,platform,60,0.5,spend_rolling_mean_30d,6.4153
Meta Ads,platform,60,0.5,revenue_rolling_mean_7d,-8.8676
Meta Ads,platform,60,0.5,revenue_rolling_mean_14d,96.6919
Meta Ads,platform,60,0.5,revenue_rolling_mean_30d,0.0533
Meta Ads,platform,60,0.5,spend_share_of_total,2.9736
Meta Ads,platform,60,0.5,days_since_start,0.0
Meta Ads,platform,60,0.5,month_sin,0.0
Meta Ads,platform,60,0.5,month_cos,0.0
Meta Ads,platform,60,0.5,dayofmonth_sin,28.9393
Meta Ads,platform,60,0.5,dayofmonth_cos,3.3517
Meta Ads,platform,60,0.5,is_weekend,0.0
Meta Ads,platform,60,0.5,regime_shift,0.0
Meta Ads,platform,60,0.5,target_spend_60d,299.8835
Meta Ads,platform,60,0.5,regime_shift_interaction_60d,0.0
Meta Ads,platform,60,0.5,dow_Monday,0.0
Meta Ads,platform,60,0.5,dow_Saturday,0.0
Meta Ads,platform,60,0.5,dow_Sunday,0.0
Meta Ads,platform,60,0.5,dow_Thursday,-0.0442
Meta Ads,platform,60,0.5,dow_Tuesday,0.0
Meta Ads,platform,60,0.5,dow_Wednesday,0.0
Meta Ads,platform,60,0.9,spend,-96.7812
Meta Ads,platform,60,0.9,spend_lag_1,-84.5937
Meta Ads,platform,60,0.9,spend_lag_7,-97.4094
Meta Ads,platform,60,0.9,spend_lag_14,-13.6811
Meta Ads,platform,60,0.9,spend_rolling_mean_7d,-23.7917
Meta Ads,platform,60,0.9,spend_rolling_mean_14d,-33.4994
Meta Ads,platform,60,0.9,spend_rolling_mean_30d,-46.8635
Meta Ads,platform,60,0.9,revenue_rolling_mean_7d,15.5121
Meta Ads,platform,60,0.9,revenue_rolling_mean_14d,-57.4134
Meta Ads,platform,60,0.9,revenue_rolling_mean_30d,-0.1813
Meta Ads,platform,60,0.9,spend_share_of_total,-55.2965
Meta Ads,platform,60,0.9,days_since_start,0.0
Meta Ads,platform,60,0.9,month_sin,0.0
Meta Ads,platform,60,0.9,month_cos,0.0
Meta Ads,platform,60,0.9,dayofmonth_sin,39.861
Meta Ads,platform,60,0.9,dayofmonth_cos,-19.7501
Meta Ads,platform,60,0.9,is_weekend,2.8027
Meta Ads,platform,60,0.9,regime_shift,0.0
Meta Ads,platform,60,0.9,target_spend_60d,-32.7914
Meta Ads,platform,60,0.9,regime_shift_interaction_60d,0.0
Meta Ads,platform,60,0.9,dow_Monday,0.3405
Meta Ads,platform,60,0.9,dow_Saturday,-2.406
Meta Ads,platform,60,0.9,dow_Sunday,0.1682
Meta Ads,platform,60,0.9,dow_Thursday,0.1319
Meta Ads,platform,60,0.9,dow_Tuesday,-0.1007
Meta Ads,platform,60,0.9,dow_Wednesday,-1.5665
Meta Ads,platform,90,0.1,spend,-147.0267
Meta Ads,platform,90,0.1,spend_lag_1,-12.2972
Meta Ads,platform,90,0.1,spend_lag_7,14.6066
Meta Ads,platform,90,0.1,spend_lag_14,-6.7663
Meta Ads,platform,90,0.1,spend_rolling_mean_7d,9.2114
Meta Ads,platform,90,0.1,spend_rolling_mean_14d,283.0649
Meta Ads,platform,90,0.1,spend_rolling_mean_30d,-3.5913
Meta Ads,platform,90,0.1,revenue_rolling_mean_7d,-8.2557
Meta Ads,platform,90,0.1,revenue_rolling_mean_14d,-22.1859
Meta Ads,platform,90,0.1,revenue_rolling_mean_30d,-0.072
Meta Ads,platform,90,0.1,spend_share_of_total,-48.6571
Meta Ads,platform,90,0.1,days_since_start,0.0
Meta Ads,platform,90,0.1,month_sin,0.0
Meta Ads,platform,90,0.1,month_cos,0.0
Meta Ads,platform,90,0.1,dayofmonth_sin,-39.685
Meta Ads,platform,90,0.1,dayofmonth_cos,16.5345
Meta Ads,platform,90,0.1,is_weekend,2.3429
Meta Ads,platform,90,0.1,regime_shift,0.0
Meta Ads,platform,90,0.1,target_spend_90d,1130.8847
Meta Ads,platform,90,0.1,regime_shift_interaction_90d,0.0
Meta Ads,platform,90,0.1,dow_Monday,0.6439
Meta Ads,platform,90,0.1,dow_Saturday,0.3487
Meta Ads,platform,90,0.1,dow_Sunday,-0.6116
Meta Ads,platform,90,0.1,dow_Thursday,-0.2181
Meta Ads,platform,90,0.1,dow_Tuesday,-1.1671
Meta Ads,platform,90,0.1,dow_Wednesday,0.004
Meta Ads,platform,90,0.5,spend,102.6472
Meta Ads,platform,90,0.5,spend_lag_1,68.7514
Meta Ads,platform,90,0.5,spend_lag_7,11.8927
Meta Ads,platform,90,0.5,spend_lag_14,49.5403
Meta Ads,platform,90,0.5,spend_rolling_mean_7d,7.9326
Meta Ads,platform,90,0.5,spend_rolling_mean_14d,115.0438
Meta Ads,platform,90,0.5,spend_rolling_mean_30d,2.7059
Meta Ads,platform,90,0.5,revenue_rolling_mean_7d,41.9307
Meta Ads,platform,90,0.5,revenue_rolling_mean_14d,205.4791
Meta Ads,platform,90,0.5,revenue_rolling_mean_30d,-12.4317
Meta Ads,platform,90,0.5,spend_share_of_total,-6.2315
Meta Ads,platform,90,0.5,days_since_start,0.0
Meta Ads,platform,90,0.5,month_sin,0.0
Meta Ads,platform,90,0.5,month_cos,0.0
Meta Ads,platform,90,0.5,dayofmonth_sin,5.7532
Meta Ads,platform,90,0.5,dayofmonth_cos,40.0981
Meta Ads,platform,90,0.5,is_weekend,-2.8858
Meta Ads,platform,90,0.5,regime_shift,0.0
Meta Ads,platform,90,0.5,target_spend_90d,2153.4827
Meta Ads,platform,90,0.5,regime_shift_interaction_90d,0.0
Meta Ads,platform,90,0.5,dow_Monday,-0.0565
Meta Ads,platform,90,0.5,dow_Saturday,-13.4186
Meta Ads,platform,90,0.5,dow_Sunday,0.2214
Meta Ads,platform,90,0.5,dow_Thursday,-0.1923
Meta Ads,platform,90,0.5,dow_Tuesday,-1.409
Meta Ads,platform,90,0.5,dow_Wednesday,1.2177
Meta Ads,platform,90,0.9,spend,-113.0936
Meta Ads,platform,90,0.9,spend_lag_1,-105.3295
Meta Ads,platform,90,0.9,spend_lag_7,-70.0032
Meta Ads,platform,90,0.9,spend_lag_14,37.7026
Meta Ads,platform,90,0.9,spend_rolling_mean_7d,-124.4479
Meta Ads,platform,90,0.9,spend_rolling_mean_14d,-13.1507
Meta Ads,platform,90,0.9,spend_rolling_mean_30d,4.5489
Meta Ads,platform,90,0.9,revenue_rolling_mean_7d,-131.8259
Meta Ads,platform,90,0.9,revenue_rolling_mean_14d,-130.4331
Meta Ads,platform,90,0.9,revenue_rolling_mean_30d,317.6172
Meta Ads,platform,90,0.9,spend_share_of_total,-2.0414
Meta Ads,platform,90,0.9,days_since_start,0.0
Meta Ads,platform,90,0.9,month_sin,0.0
Meta Ads,platform,90,0.9,month_cos,0.0
Meta Ads,platform,90,0.9,dayofmonth_sin,-43.2958
Meta Ads,platform,90,0.9,dayofmonth_cos,-9.7257
Meta Ads,platform,90,0.9,is_weekend,7.3448
Meta Ads,platform,90,0.9,regime_shift,0.0
Meta Ads,platform,90,0.9,target_spend_90d,7631.0618
Meta Ads,platform,90,0.9,regime_shift_interaction_90d,0.0
Meta Ads,platform,90,0.9,dow_Monday,6.9771
Meta Ads,platform,90,0.9,dow_Saturday,0.3135
Meta Ads,platform,90,0.9,dow_Sunday,0.0948
Meta Ads,platform,90,0.9,dow_Thursday,-0.0393
Meta Ads,platform,90,0.9,dow_Tuesday,-0.6392
Meta Ads,platform,90,0.9,dow_Wednesday,-0.1939
Organic/Direct,platform,30,0.1,spend,0.0
Organic/Direct,platform,30,0.1,spend_lag_1,0.0
Organic/Direct,platform,30,0.1,spend_lag_7,0.0
Organic/Direct,platform,30,0.1,spend_lag_14,0.0
Organic/Direct,platform,30,0.1,spend_rolling_mean_7d,0.0
Organic/Direct,platform,30,0.1,spend_rolling_mean_14d,0.0
Organic/Direct,platform,30,0.1,spend_rolling_mean_30d,0.0
Organic/Direct,platform,30,0.1,revenue_rolling_mean_7d,-10634.8607
Organic/Direct,platform,30,0.1,revenue_rolling_mean_14d,-9789.1418
Organic/Direct,platform,30,0.1,revenue_rolling_mean_30d,-690.0702
Organic/Direct,platform,30,0.1,spend_share_of_total,0.0
Organic/Direct,platform,30,0.1,days_since_start,0.0
Organic/Direct,platform,30,0.1,month_sin,0.0
Organic/Direct,platform,30,0.1,month_cos,0.0
Organic/Direct,platform,30,0.1,dayofmonth_sin,-906.3904
Organic/Direct,platform,30,0.1,dayofmonth_cos,-2668.9088
Organic/Direct,platform,30,0.1,is_weekend,-21.7259
Organic/Direct,platform,30,0.1,regime_shift,0.0
Organic/Direct,platform,30,0.1,target_spend_30d,0.0
Organic/Direct,platform,30,0.1,regime_shift_interaction_30d,0.0
Organic/Direct,platform,30,0.1,dow_Monday,-17.9025
Organic/Direct,platform,30,0.1,dow_Saturday,-7.0388
Organic/Direct,platform,30,0.1,dow_Sunday,-12.2164
Organic/Direct,platform,30,0.1,dow_Thursday,13.035
Organic/Direct,platform,30,0.1,dow_Tuesday,-14.3172
Organic/Direct,platform,30,0.1,dow_Wednesday,5.6678
Organic/Direct,platform,30,0.5,spend,0.0
Organic/Direct,platform,30,0.5,spend_lag_1,0.0
Organic/Direct,platform,30,0.5,spend_lag_7,0.0
Organic/Direct,platform,30,0.5,spend_lag_14,0.0
Organic/Direct,platform,30,0.5,spend_rolling_mean_7d,0.0
Organic/Direct,platform,30,0.5,spend_rolling_mean_14d,0.0
Organic/Direct,platform,30,0.5,spend_rolling_mean_30d,0.0
Organic/Direct,platform,30,0.5,revenue_rolling_mean_7d,10987.8443
Organic/Direct,platform,30,0.5,revenue_rolling_mean_14d,4369.7972
Organic/Direct,platform,30,0.5,revenue_rolling_mean_30d,-576.3288
Organic/Direct,platform,30,0.5,spend_share_of_total,0.0
Organic/Direct,platform,30,0.5,days_since_start,0.0
Organic/Direct,platform,30,0.5,month_sin,0.0
Organic/Direct,platform,30,0.5,month_cos,0.0
Organic/Direct,platform,30,0.5,dayofmonth_sin,-3662.8973
Organic/Direct,platform,30,0.5,dayofmonth_cos,-4438.5027
Organic/Direct,platform,30,0.5,is_weekend,11.3951
Organic/Direct,platform,30,0.5,regime_shift,0.0
Organic/Direct,platform,30,0.5,target_spend_30d,0.0
Organic/Direct,platform,30,0.5,regime_shift_interaction_30d,0.0
Organic/Direct,platform,30,0.5,dow_Monday,28.279
Organic/Direct,platform,30,0.5,dow_Saturday,8.4526
Organic/Direct,platform,30,0.5,dow_Sunday,82.722
Organic/Direct,platform,30,0.5,dow_Thursday,6.4468
Organic/Direct,platform,30,0.5,dow_Tuesday,-0.4572
Organic/Direct,platform,30,0.5,dow_Wednesday,5.5627
Organic/Direct,platform,30,0.9,spend,0.0
Organic/Direct,platform,30,0.9,spend_lag_1,0.0
Organic/Direct,platform,30,0.9,spend_lag_7,0.0
Organic/Direct,platform,30,0.9,spend_lag_14,0.0
Organic/Direct,platform,30,0.9,spend_rolling_mean_7d,0.0
Organic/Direct,platform,30,0.9,spend_rolling_mean_14d,0.0
Organic/Direct,platform,30,0.9,spend_rolling_mean_30d,0.0
Organic/Direct,platform,30,0.9,revenue_rolling_mean_7d,49.4412
Organic/Direct,platform,30,0.9,revenue_rolling_mean_14d,-459.9068
Organic/Direct,platform,30,0.9,revenue_rolling_mean_30d,-188.3836
Organic/Direct,platform,30,0.9,spend_share_of_total,0.0
Organic/Direct,platform,30,0.9,days_since_start,0.0
Organic/Direct,platform,30,0.9,month_sin,0.0
Organic/Direct,platform,30,0.9,month_cos,0.0
Organic/Direct,platform,30,0.9,dayofmonth_sin,-609.3507
Organic/Direct,platform,30,0.9,dayofmonth_cos,-32.5666
Organic/Direct,platform,30,0.9,is_weekend,-39.599
Organic/Direct,platform,30,0.9,regime_shift,0.0
Organic/Direct,platform,30,0.9,target_spend_30d,0.0
Organic/Direct,platform,30,0.9,regime_shift_interaction_30d,0.0
Organic/Direct,platform,30,0.9,dow_Monday,-26.658
Organic/Direct,platform,30,0.9,dow_Saturday,-3.3648
Organic/Direct,platform,30,0.9,dow_Sunday,-20.9828
Organic/Direct,platform,30,0.9,dow_Thursday,-5.8449
Organic/Direct,platform,30,0.9,dow_Tuesday,-34.8246
Organic/Direct,platform,30,0.9,dow_Wednesday,0.1121
Organic/Direct,platform,60,0.1,spend,0.0
Organic/Direct,platform,60,0.1,spend_lag_1,0.0
Organic/Direct,platform,60,0.1,spend_lag_7,0.0
Organic/Direct,platform,60,0.1,spend_lag_14,0.0
Organic/Direct,platform,60,0.1,spend_rolling_mean_7d,0.0
Organic/Direct,platform,60,0.1,spend_rolling_mean_14d,0.0
Organic/Direct,platform,60,0.1,spend_rolling_mean_30d,0.0
Organic/Direct,platform,60,0.1,revenue_rolling_mean_7d,-2352.4392
Organic/Direct,platform,60,0.1,revenue_rolling_mean_14d,-1102.2816
Organic/Direct,platform,60,0.1,revenue_rolling_mean_30d,48.5693
Organic/Direct,platform,60,0.1,spend_share_of_total,0.0
Organic/Direct,platform,60,0.1,days_since_start,0.0
Organic/Direct,platform,60,0.1,month_sin,0.0
Organic/Direct,platform,60,0.1,month_cos,0.0
Organic/Direct,platform,60,0.1,dayofmonth_sin,1509.9725
Organic/Direct,platform,60,0.1,dayofmonth_cos,-369.4396
Organic/Direct,platform,60,0.1,is_weekend,51.3162
Organic/Direct,platform,60,0.1,regime_shift,0.0
Organic/Direct,platform,60,0.1,target_spend_60d,0.0
Organic/Direct,platform,60,0.1,regime_shift_interaction_60d,0.0
Organic/Direct,platform,60,0.1,dow_Monday,46.5595
Organic/Direct,platform,60,0.1,dow_Saturday,-7.3811
Organic/Direct,platform,60,0.1,dow_Sunday,-2.8956
Organic/Direct,platform,60,0.1,dow_Thursday,5.0841
Organic/Direct,platform,60,0.1,dow_Tuesday,5.9469
Organic/Direct,platform,60,0.1,dow_Wednesday,-10.6059
Organic/Direct,platform,60,0.5,spend,0.0
Organic/Direct,platform,60,0.5,spend_lag_1,0.0
Organic/Direct,platform,60,0.5,spend_lag_7,0.0
Organic/Direct,platform,60,0.5,spend_lag_14,0.0
Organic/Direct,platform,60,0.5,spend_rolling_mean_7d,0.0
Organic/Direct,platform,60,0.5,spend_rolling_mean_14d,0.0
Organic/Direct,platform,60,0.5,spend_rolling_mean_30d,0.0
Organic/Direct,platform,60,0.5,revenue_rolling_mean_7d,-350.8615
Organic/Direct,platform,60,0.5,revenue_rolling_mean_14d,-492.4418
Organic/Direct,platform,60,0.5,revenue_rolling_mean_30d,167.7883
Organic/Direct,platform,60,0.5,spend_share_of_total,0.0
Organic/Direct,platform,60,0.5,days_since_start,0.0
Organic/Direct,platform,60,0.5,month_sin,0.0
Organic/Direct,platform,60,0.5,month_cos,0.0
Organic/Direct,platform,60,0.5,dayofmonth_sin,951.0307
Organic/Direct,platform,60,0.5,dayofmonth_cos,263.7886
Organic/Direct,platform,60,0.5,is_weekend,12.1583
Organic/Direct,platform,60,0.5,regime_shift,0.0
Organic/Direct,platform,60,0.5,target_spend_60d,0.0
Organic/Direct,platform,60,0.5,regime_shift_interaction_60d,0.0
Organic/Direct,platform,60,0.5,dow_Monday,-76.558
Organic/Direct,platform,60,0.5,dow_Saturday,-56.3085
Organic/Direct,platform,60,0.5,dow_Sunday,7.6958
Organic/Direct,platform,60,0.5,dow_Thursday,19.2172
Organic/Direct,platform,60,0.5,dow_Tuesday,-11.0675
Organic/Direct,platform,60,0.5,dow_Wednesday,4.4138
Organic/Direct,platform,60,0.9,spend,0.0
Organic/Direct,platform,60,0.9,spend_lag_1,0.0
Organic/Direct,platform,60,0.9,spend_lag_7,0.0
Organic/Direct,platform,60,0.9,spend_lag_14,0.0
Organic/Direct,platform,60,0.9,spend_rolling_mean_7d,0.0
Organic/Direct,platform,60,0.9,spend_rolling_mean_14d,0.0
Organic/Direct,platform,60,0.9,spend_rolling_mean_30d,0.0
Organic/Direct,platform,60,0.9,revenue_rolling_mean_7d,-332.9584
Organic/Direct,platform,60,0.9,revenue_rolling_mean_14d,-1754.689
Organic/Direct,platform,60,0.9,revenue_rolling_mean_30d,132.2884
Organic/Direct,platform,60,0.9,spend_share_of_total,0.0
Organic/Direct,platform,60,0.9,days_since_start,0.0
Organic/Direct,platform,60,0.9,month_sin,0.0
Organic/Direct,platform,60,0.9,month_cos,0.0
Organic/Direct,platform,60,0.9,dayofmonth_sin,-672.1156
Organic/Direct,platform,60,0.9,dayofmonth_cos,177.718
Organic/Direct,platform,60,0.9,is_weekend,22.4085
Organic/Direct,platform,60,0.9,regime_shift,0.0
Organic/Direct,platform,60,0.9,target_spend_60d,0.0
Organic/Direct,platform,60,0.9,regime_shift_interaction_60d,0.0
Organic/Direct,platform,60,0.9,dow_Monday,-5.0163
Organic/Direct,platform,60,0.9,dow_Saturday,0.0995
Organic/Direct,platform,60,0.9,dow_Sunday,-13.899
Organic/Direct,platform,60,0.9,dow_Thursday,-24.8657
Organic/Direct,platform,60,0.9,dow_Tuesday,-1.1472
Organic/Direct,platform,60,0.9,dow_Wednesday,2.0328
Organic/Direct,platform,90,0.1,spend,0.0
Organic/Direct,platform,90,0.1,spend_lag_1,0.0
Organic/Direct,platform,90,0.1,spend_lag_7,0.0
Organic/Direct,platform,90,0.1,spend_lag_14,0.0
Organic/Direct,platform,90,0.1,spend_rolling_mean_7d,0.0
Organic/Direct,platform,90,0.1,spend_rolling_mean_14d,0.0
Organic/Direct,platform,90,0.1,spend_rolling_mean_30d,0.0
Organic/Direct,platform,90,0.1,revenue_rolling_mean_7d,1617.8166
Organic/Direct,platform,90,0.1,revenue_rolling_mean_14d,1657.3643
Organic/Direct,platform,90,0.1,revenue_rolling_mean_30d,-361.4526
Organic/Direct,platform,90,0.1,spend_share_of_total,0.0
Organic/Direct,platform,90,0.1,days_since_start,0.0
Organic/Direct,platform,90,0.1,month_sin,0.0
Organic/Direct,platform,90,0.1,month_cos,0.0
Organic/Direct,platform,90,0.1,dayofmonth_sin,490.5036
Organic/Direct,platform,90,0.1,dayofmonth_cos,-182.2766
Organic/Direct,platform,90,0.1,is_weekend,15.7529
Organic/Direct,platform,90,0.1,regime_shift,0.0
Organic/Direct,platform,90,0.1,target_spend_90d,0.0
Organic/Direct,platform,90,0.1,regime_shift_interaction_90d,0.0
Organic/Direct,platform,90,0.1,dow_Monday,-71.4158
Organic/Direct,platform,90,0.1,dow_Saturday,0.0309
Organic/Direct,platform,90,0.1,dow_Sunday,6.811
Organic/Direct,platform,90,0.1,dow_Thursday,-5.1521
Organic/Direct,platform,90,0.1,dow_Tuesday,-5.936
Organic/Direct,platform,90,0.1,dow_Wednesday,-0.9813
Organic/Direct,platform,90,0.5,spend,0.0
Organic/Direct,platform,90,0.5,spend_lag_1,0.0
Organic/Direct,platform,90,0.5,spend_lag_7,0.0
Organic/Direct,platform,90,0.5,spend_lag_14,0.0
Organic/Direct,platform,90,0.5,spend_rolling_mean_7d,0.0
Organic/Direct,platform,90,0.5,spend_rolling_mean_14d,0.0
Organic/Direct,platform,90,0.5,spend_rolling_mean_30d,0.0
Organic/Direct,platform,90,0.5,revenue_rolling_mean_7d,-8669.7052
Organic/Direct,platform,90,0.5,revenue_rolling_mean_14d,-6125.0252
Organic/Direct,platform,90,0.5,revenue_rolling_mean_30d,-1341.5996
Organic/Direct,platform,90,0.5,spend_share_of_total,0.0
Organic/Direct,platform,90,0.5,days_since_start,0.0
Organic/Direct,platform,90,0.5,month_sin,0.0
Organic/Direct,platform,90,0.5,month_cos,0.0
Organic/Direct,platform,90,0.5,dayofmonth_sin,-264.4031
Organic/Direct,platform,90,0.5,dayofmonth_cos,-15.2395
Organic/Direct,platform,90,0.5,is_weekend,2.8897
Organic/Direct,platform,90,0.5,regime_shift,0.0
Organic/Direct,platform,90,0.5,target_spend_90d,0.0
Organic/Direct,platform,90,0.5,regime_shift_interaction_90d,0.0
Organic/Direct,platform,90,0.5,dow_Monday,2.171
Organic/Direct,platform,90,0.5,dow_Saturday,-5.8475
Organic/Direct,platform,90,0.5,dow_Sunday,-1.2901
Organic/Direct,platform,90,0.5,dow_Thursday,0.3929
Organic/Direct,platform,90,0.5,dow_Tuesday,-1.0915
Organic/Direct,platform,90,0.5,dow_Wednesday,-10.2413
Organic/Direct,platform,90,0.9,spend,0.0
Organic/Direct,platform,90,0.9,spend_lag_1,0.0
Organic/Direct,platform,90,0.9,spend_lag_7,0.0
Organic/Direct,platform,90,0.9,spend_lag_14,0.0
Organic/Direct,platform,90,0.9,spend_rolling_mean_7d,0.0
Organic/Direct,platform,90,0.9,spend_rolling_mean_14d,0.0
Organic/Direct,platform,90,0.9,spend_rolling_mean_30d,0.0
Organic/Direct,platform,90,0.9,revenue_rolling_mean_7d,-9143.906
Organic/Direct,platform,90,0.9,revenue_rolling_mean_14d,14505.1192
Organic/Direct,platform,90,0.9,revenue_rolling_mean_30d,-14449.8096
Organic/Direct,platform,90,0.9,spend_share_of_total,0.0
Organic/Direct,platform,90,0.9,days_since_start,0.0
Organic/Direct,platform,90,0.9,month_sin,0.0
Organic/Direct,platform,90,0.9,month_cos,0.0
Organic/Direct,platform,90,0.9,dayofmonth_sin,1915.145
Organic/Direct,platform,90,0.9,dayofmonth_cos,1657.7969
Organic/Direct,platform,90,0.9,is_weekend,15.5631
Organic/Direct,platform,90,0.9,regime_shift,0.0
Organic/Direct,platform,90,0.9,target_spend_90d,0.0
Organic/Direct,platform,90,0.9,regime_shift_interaction_90d,0.0
Organic/Direct,platform,90,0.9,dow_Monday,-1.8053
Organic/Direct,platform,90,0.9,dow_Saturday,-14.5202
Organic/Direct,platform,90,0.9,dow_Sunday,-2.9124
Organic/Direct,platform,90,0.9,dow_Thursday,2.1832
Organic/Direct,platform,90,0.9,dow_Tuesday,-31.1764
Organic/Direct,platform,90,0.9,dow_Wednesday,6.288
